{"cameraMode":{"drawMode":0,"name":"Shaded","section":"Shading Mode"},"sceneLighting":true,"audioPlay":false,"sceneViewState":{"m_AlwaysRefresh":false,"showFog":true,"showSkybox":true,"showFlares":true,"showImageEffects":true,"showParticleSystems":true,"showVisualEffectGraphs":true,"m_FxEnabled":true},"in2DMode":false,"pivot":{"x":65.03681182861328,"y":3.037301540374756,"z":184.27064514160157},"rotation":{"x":0.005589426960796118,"y":-0.9943437576293945,"z":0.06871864944696427,"w":0.08091260492801666},"size":1.2672102451324463,"orthographic":false}